feature	metadata	value	coef	stderr	N	N.not.0	pval	qval
X2724150	Treatment	Gem	1.89496362190903	0.368817089109364	8	4	0.00214030166150105	0.2033286578426
