feature	metadata	value	coef	stderr	N	N.not.0	pval	qval
X521095	Treatment	Gem	-7.73673292960501	1.49275560628919	8	8	0.00204865083557574	0.167989368517211
X2382163	Treatment	Gem	-1.5	0.288675134594813	8	4	0.00202236774054272	0.167989368517211
X2724150	Treatment	Gem	1.53956788907932	0.337196327315027	8	4	0.00382744254738066	0.209233525923476
